<?xml version="1.0" encoding="UTF-8"?>
<LangFile>

	<!-- Generate with DofusTools ThemeMaker -->

	<entry key="area.all">0xc7c7c5</entry>
	<entry key="area.all.dark">0x696968</entry>
	<entry key="area.capturable">0xb2d71b</entry>
	<entry key="area.capturable.dark">0x5d6f14</entry>
	<entry key="area.normal">0xc7c7c5</entry>
	<entry key="area.normal.dark">0x696968</entry>
	<entry key="area.sabotaged">0xb652d7</entry>
	<entry key="area.sabotaged.dark">0x6f427e</entry>
	<entry key="area.vulnerable">0xd76552</entry>
	<entry key="area.vulnerable.dark">0x7e4b42</entry>
	<entry key="area.weakened">0xd7b352</entry>
	<entry key="area.weakened.dark">0x8c7330</entry>
	<entry key="chat.bgColor">0x0f0f0f</entry>
	<entry key="combobox.over">0x903d3d3d</entry>
	<entry key="combobox.selected">0x25252525</entry>
	<entry key="contextmenu.bg">0x000000</entry>
	<entry key="contextmenu.bg.alpha">0x000000</entry>
	<entry key="contextmenu.border">0x24142b</entry>
	<entry key="contextmenu.over">0x545454</entry>
	<entry key="contextmenu.over.alpha">0x000000</entry>
	<entry key="contextmenu.separator">0x404040</entry>
	<entry key="contextmenu.shadow">0x222222</entry>
	<entry key="contextmenu.shortcut">0x797979</entry>
	<entry key="contextmenu.title">0x24142b</entry>
	<entry key="contextmenu.title.alpha">0x000000</entry>
	<entry key="fight.text.air">0x37d63a</entry>
	<entry key="fight.text.earth">0xac7948</entry>
	<entry key="fight.text.fire">0xcd2828</entry>
	<entry key="fight.text.multi">0x9a50e5</entry>
	<entry key="fight.text.neutral">0xe8e8e8</entry>
	<entry key="fight.text.water">0x3286b0</entry>
	<entry key="flag.quest1">0x16d225</entry>
	<entry key="flag.quest2">0x00a9fe</entry>
	<entry key="flag.quest3">0xfe20a9</entry>
	<entry key="flag.quest4">0xffa91c</entry>
	<entry key="flag.quest5">0x01fafe</entry>
	<entry key="flag.right">0x44ff44</entry>
	<entry key="flag.unknown">0xee9933</entry>
	<entry key="flag.wrong">0xff4444</entry>
	<entry key="gamemenu.background">0x000000</entry>
	<entry key="gamemenu.background.alpha">0x000000</entry>
	<entry key="gameserver.type0">0x879d16</entry>
	<entry key="gameserver.type1">0x371c13</entry>
	<entry key="gameserver.type4">0x0a272b</entry>
	<entry key="grid.bg">0x3d3e39</entry>
	<entry key="grid.bg.green">0x2c512c</entry>
	<entry key="grid.bg.red">0x5f190b</entry>
	<entry key="grid.line">0x10cccccc</entry>
	<entry key="grid.over">0x20cccccc</entry>
	<entry key="grid.selected">0x30cccccc</entry>
	<entry key="grid.title">0x2b2b27</entry>
	<entry key="hierarchy.administrator">0x686fff</entry>
	<entry key="hierarchy.gamemaster">0xc79866</entry>
	<entry key="hierarchy.gamemaster_padawan">0xc79866</entry>
	<entry key="hierarchy.moderator">0xff4343</entry>
	<entry key="hyperlink.hover">0xffffff</entry>
	<entry key="hyperlink.link">0xffe8a0</entry>
	<entry key="hyperlink.warning">0xec0101</entry>
	<entry key="map.search.grid.over">0x151513</entry>
	<entry key="map.search.grid.over.alpha">0x000000</entry>
	<entry key="multigrid.line">0x5c5c5d</entry>
	<entry key="multigrid.selected">0xaae50c</entry>
	<entry key="multigrid.subline">0x202020</entry>
	<entry key="progressbar.background">0x000000</entry>
	<entry key="progressbar.blue">0x3af2ff</entry>
	<entry key="progressbar.damage">0xff6a3d</entry>
	<entry key="progressbar.energy">0xccf600</entry>
	<entry key="progressbar.gold">0xffea00</entry>
	<entry key="progressbar.green">0xccf600</entry>
	<entry key="progressbar.guildXp">0x8400ff</entry>
	<entry key="progressbar.honorPoints">0xff9400</entry>
	<entry key="progressbar.incarnationXp">0x85bcff</entry>
	<entry key="progressbar.jobXp">0x9f51a6</entry>
	<entry key="progressbar.lifePoints">0xc71c26</entry>
	<entry key="progressbar.mount.separator">0x808080</entry>
	<entry key="progressbar.mountXp">0x6cf0e5</entry>
	<entry key="progressbar.pink">0xdf1b45</entry>
	<entry key="progressbar.pods">0x60be35</entry>
	<entry key="progressbar.red">0xff5b3d</entry>
	<entry key="progressbar.separator">0x373737</entry>
	<entry key="progressbar.shieldPoints">0x9966cc</entry>
	<entry key="progressbar.xp">0x3af2ff</entry>
	<entry key="progressbar.yellow">0xfcc800</entry>
	<entry key="radio.over">0x2c2e26</entry>
	<entry key="shortcut">0xffffff</entry>
	<entry key="smithmagic.fail">0x5a2827</entry>
	<entry key="smithmagic.success">0x365218</entry>
	<entry key="tacticmode.block01">0x282828</entry>
	<entry key="tacticmode.block02">0x202020</entry>
	<entry key="tacticmode.block03">0x202020</entry>
	<entry key="tacticmode.floor01">0x454545</entry>
	<entry key="tacticmode.floor02">0x666666</entry>
	<entry key="text.glow">0xffffff</entry>
	<entry key="text.glow.dark">0x000000</entry>
	<entry key="text.glow.light">0xfffae4</entry>
	<entry key="text.glow.red">0xed6029</entry>
	<entry key="text.help">0x6d6d6d</entry>
	<entry key="timeline.border_current_fighter">0xff6100</entry>
	<entry key="tooltip.bg">0x000000</entry>
	<entry key="tooltip.bg.alpha">0x000000</entry>
	<entry key="tooltip.bonus">0x52ae3f</entry>
	<entry key="tooltip.border">0x000000</entry>
	<entry key="tooltip.border.activePin">0x505050</entry>
	<entry key="tooltip.malus">0xcb685e</entry>
	<entry key="tooltip.separator">0xff9e9e9e</entry>
	<entry key="tooltip.text.disabled">0x868686</entry>
	<entry key="tooltip.text.orange">0xf17921</entry>
	<entry key="tooltip.text.red">0xc10000</entry>
	<entry key="tooltip.text.violet">0xbb8bff</entry>
	<entry key="ui.bg.window">0x24251f</entry>
	<entry key="ui.light">0xe8e8e8</entry>
	<entry key="ui.modalbg">0x000000</entry>
	<entry key="ui.shadow">0x333333</entry>
	<entry key="ui.shadow.dark">0x000000</entry>
	<entry key="ui.wnd.border">0x6f6d61</entry>
</LangFile>